,Op.,title,subtitle,key,dates of composition,publication year
0,1,Rondo,,C minor,1825,1825
1,2,"Variations sur ""La ci darem la mano"" de ""Don juan"" de Mozart",,B flat major,1827,1830
2,3,Introduction and Polonaise brillante,,C major,1829-1830,1831
3,4,Piano Sonata No.1,,C minor,1827-1828,1851
4,5,Rondo à la Mazur,,F major,1826,1828
5,6-1,Mazurka,,F sharp minor,1830-1832,1832
6,6-2,Mazurka,,C sharp minor,1830-1832,1832
7,6-3,Mazurka,,E major,1830-1832,1832
8,6-4,Mazurka,,E flat minor,1830-1832,1832
9,7-1,Mazurka,,B flat major,1830-1832,1832
10,7-2,Mazurka,,A minor,1830-1832,1832
11,7-3,Mazurka,,F minor,1830-1832,1832
12,7-4,Mazurka,,A flat major,1830-1832,1832
13,7-5,Mazurka,,C major,1830-1832,1832
14,8,"Trio pour piano, violon et violoncelle",,G minor,1828,1832
15,9-1,Nocturne,,B flat minor,1830-1832,1832
16,9-2,Nocturne,,E flat major,1830-1832,1832
17,9-3,Nocturne,,B major,1830-1832,1832
18,10-1,Etude No.1,,C major,1830-1832,1833
19,10-2,Etude No.2,,A minor,1830-1832,1833
20,10-3,Etude No.3,Tristesse,E major,1830-1832,1833
21,10-4,Etude No.4,,C sharp minor,1830-1832,1833
22,10-5,Etude No.5,Black Key,G flat major,1830-1832,1833
23,10-6,Etude No.6,,E flat minor,1830-1832,1833
24,10-7,Etude No.7,,C major,1830-1832,1833
25,10-8,Etude No.8,,F major,1830-1832,1833
26,10-9,Etude No.9,,F minor,1830-1832,1833
27,10-10,Etude No.10,,A flat major,1830-1832,1833
28,10-11,Etude No.11,,E flat major,1830-1832,1833
29,10-12,Etude No.12,Revolutionary,C minor,1830-1832,1833
30,11,Piano Concerto No.1,,E minor,1830,1833
31,12,Variations brillantes,,B flat major,1833,1833
32,13,Grande fantaisie sur des airs polonais,,A major,1828,1834
33,14,Krakowiak. Grande Rondo de Concert,,F major,1828,1834
34,15-1,Nocturne,,F major,1830-1833,1833
35,15-2,Nocturne,,F sharp major,1830-1833,1833
36,15-3,Nocturne,,G minor,1830-1833,1833
37,16,Rondo,,E flat major,1833,1834
38,17-1,Mazurka,,B flat major,1832-1833,1834
39,17-2,Mazurka,,E minor,1832-1833,1834
40,17-3,Mazurka,,A flat major,1832-1833,1834
41,17-4,Mazurka,,A minor,1832-1833,1834
42,18,Waltz ,,E flat major,1831-1832,1834
43,19,Bolero,,C major,1833,1834
44,20,Scherzo No.1,,B minor,1835,1835
45,21,Piano Concerto No.2,,F minor,1829,1836
46,22,Andante spianato et Grande Polonaise brillante,,E flat major,1830-1835,1836
47,23,Ballad No.1,,G minor,1835,1836
48,24-1,Mazurka,,G minor,1833,1836
49,24-2,Mazurka,,C major,1833,1836
50,24-3,Mazurka,,A flat major,1833,1836
51,24-4,Mazurka,,B flat minor,1833,1836
52,25-1,Etude No.1,Aeolian Harp,A flat major,1835-1837,1837
53,25-2,Etude No.2,,F minor,1835-1837,1837
54,25-3,Etude No.3,,F major,1835-1837,1837
55,25-4,Etude No.4,,A minor,1835-1837,1837
56,25-5,Etude No.5,,E minor,1835-1837,1837
57,25-6,Etude No.6,,G sharp minor,1835-1837,1837
58,25-7,Etude No.7,,C sharp minor,1835-1837,1837
59,25-8,Etude No.8,,D flat major,1835-1837,1837
60,25-9,Etude No.9,Butterfly,G flat major,1835-1837,1837
61,25-10,Etude No.10,,B minor,1835-1837,1837
62,25-11,Etude No.11,Winter Wind,A minor,1835-1837,1837
63,25-12,Etude No.12,Ocean,C minor,1835-1837,1837
64,26-1,Polonaise,,C sharp minor,1835,1836
65,26-2,Polonaise,,E flat minor,1835,1836
66,27-1,Nocturne,,C sharp minor,1835,1836
67,27-2,Nocturne,,D flat major,1835,1836
68,28-1,Prelude No.1,,C major,1838-1839,1839
69,28-2,Prelude No.2,,A minor,1838-1839,1839
70,28-3,Prelude No.3,,G major,1838-1839,1839
71,28-4,Prelude No.4,,E minor,1838-1839,1839
72,28-5,Prelude No.5,,D major,1838-1839,1839
73,28-6,Prelude No.6,,B minor,1838-1839,1839
74,28-7,Prelude No.7,,A major,1838-1839,1839
75,28-8,Prelude No.8,,F sharp minor,1838-1839,1839
76,28-9,Prelude No.9,,E major,1838-1839,1839
77,28-10,Prelude No.10,,C sharp minor,1838-1839,1839
78,28-11,Prelude No.11,,B major,1838-1839,1839
79,28-12,Prelude No.12,,G sharp minor,1838-1839,1839
80,28-13,Prelude No.13,,F sharp major,1838-1839,1839
81,28-14,Prelude No.14,,E flat minor,1838-1839,1839
82,28-15,Prelude No.15,Raindrop,D flat major,1838-1839,1839
83,28-16,Prelude No.16,,B flat minor,1838-1839,1839
84,28-17,Prelude No.17,,A flat major,1838-1839,1839
85,28-18,Prelude No.18,,F minor,1838-1839,1839
86,28-19,Prelude No.19,,E flat major,1838-1839,1839
87,28-20,Prelude No.20,,C minor,1838-1839,1839
88,28-21,Prelude No.21,,B flat major,1838-1839,1839
89,28-22,Prelude No.22,,G minor,1838-1839,1839
90,28-23,Prelude No.23,,F major,1838-1839,1839
91,28-24,Prelude No.24,,D minor,1838-1839,1839
92,29,Impromptu No.1,,A flat major,1837,1837
93,30-1,Mazurka,,C minor,1837,1837
94,30-2,Mazurka,,B minor,1837,1837
95,30-3,Mazurka,,D flat major,1837,1837
96,30-4,Mazurka,,C sharp minor,1837,1837
97,31,Scherzo No.2,,B flat minor,1837,1837
98,32-1,Nocturne,,B major,1837,1837
99,32-2,Nocturne,,A flat major,1837,1837
100,33-1,Mazurka,,G sharp minor,1838,1838
101,33-2,Mazurka,,D major,1838,1838
102,33-3,Mazurka,,C major,1838,1838
103,33-4,Mazurka,,B minor,1838,1838
104,34-1,Waltz ,,A flat major,1835,1838
105,34-2,Waltz ,,A minor,1838,1838
106,34-3,Waltz ,,F major,1838,1838
107,35,Piano Sonata No.2,Funeral March,B flat minor,1837,1840
108,36,Impromptu No.2,,F sharp major,1839,1840
109,37-1,Nocturne,,G minor,1838,1840
110,37-2,Nocturne,,G major,1839,1840
111,38,Ballad No.2,,F major,1839,1840
112,39,Scherzo No.3,,C sharp minor,1839,1840
113,40-1,Polonaise,,A major,1838,1840
114,40-2,Polonaise,,C minor,1839,1840
115,41-1,Mazurka,,C sharp minor,1839,1840
116,41-2,Mazurka,,E minor,1838,1840
117,41-3,Mazurka,,B major,1839,1840
118,41-4,Mazurka,,A flat major,1839,1840
119,42,Waltz ,,A flat major,1840,1840
120,43,Tarantella,,A flat major,1841,1841
121,44,Polonaise,,F sharp minor,1841,1841
122,45,Prelude No.25,,C sharp minor,1841,1841
123,46,Allegro de concert,,A major,1841,1841
124,47,Ballad No.3,,A flat major,1841,1841
125,48-1,Nocturne,,C minor,1841,1841
126,48-2,Nocturne,,F sharp minor,1841,1841
127,49,Fantasy　,,F minor,1841,1841
128,50-1,Mazurka,,G major,1842,1842
129,50-2,Mazurka,,A flat major,1842,1842
130,50-3,Mazurka,,C sharp minor,1842,1842
131,51,Impromptu No.3,,G flat major,1842,1843
132,52,Ballad No.4,,F minor,1842-1843,1843
133,53,Polonaise,Heroic,A flat major,1842-1843,1843
134,54,Scherzo No.4,,E major,1842-1843,1843
135,55-1,Nocturne,,F minor,1842-1844,1844
136,55-2,Nocturne,,E flat major,1842-1844,1844
137,56-1,Mazurka,,B major,1843-1844,1844
138,56-2,Mazurka,,C major,1843-1844,1844
139,56-3,Mazurka,,C minor,1843-1844,1844
140,57,Berceuse,,D flat major,1844,1845
141,58,Piano Sonata No.3,,B minor,1844,1845
142,59-1,Mazurka,,A minor,1845,1845
143,59-2,Mazurka,,A flat major,1845,1845
144,59-3,Mazurka,,F sharp minor,1845,1845
145,60,Barcarolle ,,F sharp major,1845-1846,1845
146,61,Polonaise,Polonaise-Fantaisie,A flat major,1846,1846
147,62-1,Nocturne,,B major,1846,1846
148,62-2,Nocturne,,E major,1846,1846
149,63-1,Mazurka,,B major,1846,1847
150,63-2,Mazurka,,F minor,1846,1847
151,63-3,Mazurka,,C sharp minor,1846,1847
152,64-1,Waltz ,,D flat major,1846-1847,1847
153,64-2,Waltz ,,C sharp minor,1846-1847,1847
154,64-3,Waltz ,,A flat major,1846-1847,1847
155,65,Cello sonata,,G minor,1845-1846,1847
156,66,Fantaisie-Impromptu,,C sharp minor,1834,1855
157,67-1,Mazurka,,G major,1835,1855
158,67-2,Mazurka,,G minor,1849,1855
159,67-3,Mazurka,,C major,1835,1855
160,67-4,Mazurka,,A minor,1846,1855
161,68-1,Mazurka,,C major,1830,1855
162,68-2,Mazurka,,A minor,1827,1855
163,68-3,Mazurka,,F major,1830,1855
164,68-4,Mazurka,,F minor,1849,1855
165,69-1,Waltz ,Farewell,A flat major,1835,1855
166,69-2,Waltz ,,B minor,1829,1855
167,70-1,Waltz ,,G flat major,1832,1855
168,70-2,Waltz ,,F minor,1842,1855
169,70-3,Waltz ,,D flat major,1829,1855
170,71-1,Polonaise,,D minor,1827,1855
171,71-2,Polonaise,,B flat major,1828,1855
172,71-3,Polonaise,,F minor,1829,1855
173,72-1,Nocturne,,E minor,1829,1855
174,72-2,Funeral March,,C minor,1827,1855
175,72-3,3 Ecossaises No.1,,D major,1826,1855
176,72-3,3 Ecossaises No.2,,G major,1826,1855
177,72-3,3 Ecossaises No.3,,D flat major,1826,1855
178,73,Rondo,,C major,1828,1855
179,74,17 Chants Polonais No.1 A Maiden's wish,,G major,1855,1831
180,,17 Chants Polonais No.2 Spring,,G minor,1855,1831
181,,17 Chants Polonais No.3 Troubled Waters,,F sharp minor,1855,1831
182,,17 Chants Polonais No.4 Drinking Song,,C major,1855,1831
183,,17 Chants Polonais No.5 A Fickle Maid,,A major,1855,1831
184,,17 Chants Polonais No.6 Remembrance,,F minor,1855,1831
185,,17 Chants Polonais No.7 The Messenger,,D major,1855,1831
186,,17 Chants Polonais No.8 Handsome Lad,,D major,1855,1831
187,,17 Chants Polonais No.9 Melody,,E minor,1855,1831
188,,17 Chants Polonais No.10 The Warrior,,A flat major,1855,1831
189,,17 Chants Polonais No.11 The Double-End,,D minor,1855,1831
190,,17 Chants Polonais No.12 My Darling,,G flat major,1855,1831
191,,17 Chants Polonais No.13 I Want What I Have Not,,A minor,1855,1831
192,,17 Chants Polonais No.14 The Ring,,E flat major,1855,1831
193,,17 Chants Polonais No.15 The Bridegroom's return,,C minor,1855,1831
194,,17 Chants Polonais No.16 Lithuanian Song,,F major,1855,1831
195,,17 Chants Polonais No.17 Poland's Dirge,,E flat minor,1855,1831
196,Ⅱa-1,Polonaise,,G minor,1817,1817
197,Ⅱa-2,Mazurka,,G major,1826,1826
198,Ⅱa-3,Mazurka,,B flat major,1826,1826
199,Ⅱb-1,Grand Duo on themes from Meyerbeer's Robert le diable,,E major,1831,1833
200,Ⅱb-2,Hexameron Variations No.6,,E major,1837,1839
201,Ⅱb-3-1,Etude No.1,,F minor,1839-1840,1840
202,Ⅱb-3-2,Etude No.2,,A flat major,1839-1840,1840
203,Ⅱb-3-3,Etude No.3,,D flat major,1839-1840,1840
204,Ⅱb-4,Mazurka,Notre temps,A minor,1841,1841
205,Ⅱb-5,Mazurka,,A minor,1840,1840
206,Ⅳa-1,Polonaise,,B flat major,1817,1947
207,Ⅳa-2,Polonaise,,A flat major,1821,1902
208,Ⅳa-3,Polonaise,,G sharp minor,1822,1864
209,Ⅳa-4,Variations sur un air national allemand,,E major,1824,1851
210,Ⅳa-5,Polonaise,,B flat minor,1826,1879
211,Ⅳa-6,Variations on a theme of Moore,,D major,1826,1965
212,Ⅳa-7,Mazurka,,D major,1829,1875
213,Ⅳa-8,Polonaise,,G flat major,1829,1870
214,Ⅳa-9,Chant,Which Flowers,G major,1829,1856
215,Ⅳa-10,Variations,Souvenir de Paganini,A major,1829,1881
216,Ⅳa-11,Chant,Witchcraft,D minor,1830,1954
217,Ⅳa-12,Waltz ,,E major,1829,1871
218,Ⅳa-13,Waltz ,,A flat major,1830,1902
219,Ⅳa-14,Waltz ,,E flat major,1830,1902
220,Ⅳa-15,Waltz ,,E minor,1830,1868
221,Ⅳa-16,Nocturne,Lento con gran espressione ,C sharp minor,1830,1875
222,Ⅳb-1,Mazurka,,B flat major,1832,1909
223,Ⅳb-2,Mazurka,,D major,1832,1875
224,Ⅳb-3,Mazurka,,C major,1833,1870
225,Ⅳb-4,Mazurka,,A flat major,1834,1930
226,Ⅳb-5,Largo,,E flat major,1847,1938
227,Ⅳb-6,Cantabile,,B flat major,1834,1931
228,Ⅳb-7,Prelude No.26,,A flat major,1834,1918
229,Ⅳb-8,Nocturne,,C minor,1847,1938
230,Ⅳb-9,Chant,Reverie,A minor,1840,1910
231,Ⅳb-10,Sostenuto,,E flat major,1840,1910
232,Ⅳb-11,Waltz ,,A minor,1847,1955
233,Ⅳb-12,Moderato,,E major,1843,1910
234,Ⅳb-13,Galop,,A flat major,1846,
235,Ⅳc-1,Canon at the octave,,F minor,1839,1957
236,Ⅳc-2,Fuga,,A minor,1841-1842,1898
237,Ⅶa-1,Casta diva from Norma by Bellini ,,E major,1831,
238,Ⅶa-2,3 Fugues de Luigi Cherubini,,A minor,,
239,,3 Fugues de Luigi Cherubini,,F major,,
240,,3 Fugues de Luigi Cherubini,,D minor,,
241,Ⅶb-1,2 Bourrees No.1,,G major,1846,
242,Ⅶb-2,2 Bourrees No.2,,A major,1846,
243,Anh.Ia-1,Mazurka,,D major,1820,1910
244,Anh.Ia-2,Prelude ,,F major,1845,1928
245,Anh.Ia-3,Andantino ,,D minor,1845,1928
246,Anh.Ia-4,Contredanse ,,G flat major,1827,1934
247,Anh.Ia-5,"Variations pour flute et piano sur l'air de ""Cendrillon"" de Rossini",,E major,1824,1959
248,Anh.Ia-6,Nocturne,,C sharp minor,,1959
249,Anh.Ia-7,Waltz ,,F sharp minor,,1932
250,Anh.Ia-8,Mazurka,,B flat minor,,1959